{"cameraMode":{"drawMode":0,"name":"Shaded","section":"Shading Mode"},"sceneLighting":true,"audioPlay":false,"sceneViewState":{"showFog":true,"showMaterialUpdate":false,"showSkybox":true,"showFlares":true,"showImageEffects":true,"showParticleSystems":true},"in2DMode":false,"pivot":{"x":-47.580406188964847,"y":40.115413665771487,"z":-13.045095443725586},"rotation":{"x":-0.2729825973510742,"y":-0.5208573937416077,"z":0.18036478757858277,"w":-0.7885059714317322},"size":9.226136207580567,"orthographic":false}