{"cameraMode":{"drawMode":2,"name":"Shaded Wireframe","section":"Shading Mode"},"sceneLighting":true,"audioPlay":false,"sceneViewState":{"showFog":true,"showMaterialUpdate":true,"showSkybox":true,"showFlares":true,"showImageEffects":true,"showParticleSystems":true},"in2DMode":false,"pivot":{"x":33.63614273071289,"y":-37.211631774902347,"z":47.18256759643555},"rotation":{"x":0.6862976551055908,"y":0.00805210042744875,"z":-0.00810668058693409,"w":0.727438747882843},"size":58.975547790527347,"orthographic":false}