{"cameraMode":{"drawMode":0,"name":"Shaded","section":"Shading Mode"},"sceneLighting":true,"audioPlay":false,"sceneViewState":{"showFog":true,"showMaterialUpdate":false,"showSkybox":true,"showFlares":true,"showImageEffects":true,"showParticleSystems":true},"in2DMode":false,"pivot":{"x":-0.3493327498435974,"y":20.742403030395509,"z":-11.48404312133789},"rotation":{"x":-0.19220077991485597,"y":-0.06351407617330551,"z":0.012515534646809101,"w":-0.9792665243148804},"size":9.226136207580567,"orthographic":false}