{"cameraMode":{"drawMode":0,"name":"Shaded","section":"Shading Mode"},"sceneLighting":true,"audioPlay":false,"sceneViewState":{"showFog":true,"showMaterialUpdate":false,"showSkybox":true,"showFlares":true,"showImageEffects":true,"showParticleSystems":true},"in2DMode":false,"pivot":{"x":4.822622776031494,"y":19.766332626342775,"z":-10.571907043457032},"rotation":{"x":-0.3547382950782776,"y":0.12898783385753632,"z":-0.04948323220014572,"w":-0.9247030019760132},"size":6.282650947570801,"orthographic":false}