{"cameraMode":{"drawMode":2,"name":"Shaded Wireframe","section":"Shading Mode"},"sceneLighting":true,"audioPlay":false,"sceneViewState":{"showFog":true,"showMaterialUpdate":true,"showSkybox":true,"showFlares":true,"showImageEffects":true,"showParticleSystems":true},"in2DMode":false,"pivot":{"x":10.222051620483399,"y":-157.0570068359375,"z":96.65674591064453},"rotation":{"x":0.5157792568206787,"y":0.001857286086305976,"z":-0.0016272816574200988,"w":0.8569326400756836},"size":103.25276947021485,"orthographic":false}