{"cameraMode":{"drawMode":2,"name":"Shaded Wireframe","section":"Shading Mode"},"sceneLighting":true,"audioPlay":false,"sceneViewState":{"showFog":true,"showMaterialUpdate":true,"showSkybox":true,"showFlares":true,"showImageEffects":true,"showParticleSystems":true},"in2DMode":false,"pivot":{"x":38.49596405029297,"y":-152.78794860839845,"z":75.57889556884766},"rotation":{"x":0.5376609563827515,"y":0.1247398853302002,"z":-0.08131572604179383,"w":0.8301318883895874},"size":103.25276947021485,"orthographic":false}