{"cameraMode":{"drawMode":2,"name":"Shaded Wireframe","section":"Shading Mode"},"sceneLighting":true,"audioPlay":false,"sceneViewState":{"showFog":true,"showMaterialUpdate":true,"showSkybox":true,"showFlares":true,"showImageEffects":true,"showParticleSystems":true},"in2DMode":false,"pivot":{"x":36.16973114013672,"y":-26.898653030395509,"z":24.35988426208496},"rotation":{"x":0.5455265045166016,"y":0.18661481142044068,"z":-0.12657809257507325,"w":0.8073679804801941},"size":35.20128631591797,"orthographic":false}