{"cameraMode":{"drawMode":2,"name":"Shaded Wireframe","section":"Shading Mode"},"sceneLighting":true,"audioPlay":false,"sceneViewState":{"showFog":true,"showMaterialUpdate":true,"showSkybox":true,"showFlares":true,"showImageEffects":true,"showParticleSystems":true},"in2DMode":false,"pivot":{"x":35.025596618652347,"y":-23.360382080078126,"z":30.905136108398439},"rotation":{"x":0.39283937215805056,"y":0.2751436233520508,"z":-0.1248219683766365,"w":0.8686859607696533},"size":35.20128631591797,"orthographic":false}