{"cameraMode":{"drawMode":0,"name":"Shaded","section":"Shading Mode"},"sceneLighting":true,"audioPlay":false,"sceneViewState":{"showFog":true,"showMaterialUpdate":false,"showSkybox":true,"showFlares":true,"showImageEffects":true,"showParticleSystems":true},"in2DMode":false,"pivot":{"x":-5.083457946777344,"y":18.92123794555664,"z":-9.216176986694336},"rotation":{"x":-0.18389883637428285,"y":-0.5875459909439087,"z":0.13933509588241578,"w":-0.7756587862968445},"size":9.226136207580567,"orthographic":false}